http://www.bestbuy.com/site/mobile-cell-phones/iphone/pcmcat305200050000.c?id=pcmcat305200050000 , 0,0,0,0,0,0,0,0,0,0,0,0,1,0,0,0,0,0,0,0,0,0,0,0,0,0,0,0,0,0,0,0,0,0,0,0,
http://www.bestbuy.com/site/mobile-cell-phones/iphone/pcmcat305200050000.c?id=pcmcat305200050000 , 0,0,0,0,0,0,0,0,0,0,0,0,1,0,0,0,0,0,0,0,0,0,0,0,0,0,0,0,0,0,0,0,0,0,0,0,
http://www.bestbuy.com/site/mobile-cell-phones/iphone/pcmcat305200050000.c?id=pcmcat305200050000 , 0,0,0,0,0,0,0,0,0,0,0,0,1,0,0,0,0,0,0,0,0,0,0,0,0,0,0,0,0,0,0,0,0,0,0,0,
http://www.bestbuy.com/site/mobile-cell-phones/iphone/pcmcat305200050000.c?id=pcmcat305200050000 , 0,0,0,0,0,0,0,0,0,0,0,0,1,0,0,0,0,0,0,0,0,0,0,0,0,0,0,0,0,0,0,0,0,0,0,0,
http://www.bestbuy.com/site/mobile-cell-phones/iphone/pcmcat305200050000.c?id=pcmcat305200050000 , 0,0,0,0,0,0,0,0,0,0,0,0,1,0,0,0,0,0,0,0,0,0,0,0,0,0,0,0,0,0,0,0,0,0,0,0,
http://www.bestbuy.com/site/mobile-cell-phones/iphone/pcmcat305200050000.c?id=pcmcat305200050000 , 0,0,0,0,0,0,0,0,0,0,0,0,1,0,0,0,0,0,0,0,0,0,0,0,0,0,0,0,0,0,0,0,0,0,0,0,
http://www.bestbuy.com/site/mobile-cell-phones/iphone/pcmcat305200050000.c?id=pcmcat305200050000 , 0,0,0,0,0,0,0,0,0,0,0,0,1,0,0,0,0,0,0,0,0,0,0,0,0,0,0,0,0,0,0,0,0,0,0,0,
http://www.bestbuy.com/site/mobile-cell-phones/iphone/pcmcat305200050000.c?id=pcmcat305200050000 , 0,0,0,0,0,0,0,0,0,0,0,0,1,0,0,0,0,0,0,0,0,0,0,0,0,0,0,0,0,0,0,0,0,0,0,0,
http://www.bestbuy.com/site/mobile-cell-phones/iphone/pcmcat305200050000.c?id=pcmcat305200050000 , 0,0,0,0,0,0,0,0,0,0,0,0,1,0,0,0,0,0,0,0,0,0,0,0,0,0,0,0,0,0,0,0,0,0,0,0,
http://www.bestbuy.com/site/mobile-cell-phones/iphone/pcmcat305200050000.c?id=pcmcat305200050000 , 0,0,0,0,0,0,0,0,0,0,0,0,1,0,0,0,0,0,0,0,0,0,0,0,0,0,0,0,0,0,0,0,0,0,0,0,
http://www.bestbuy.com/site/mobile-cell-phones/iphone/pcmcat305200050000.c?id=pcmcat305200050000 , 0,0,0,0,0,0,0,0,0,0,0,0,1,0,0,0,0,0,0,0,0,0,0,0,0,0,0,0,0,0,0,0,0,0,0,0,
http://www.bestbuy.com/site/mobile-cell-phones/iphone/pcmcat305200050000.c?id=pcmcat305200050000 , 0,0,0,0,0,0,0,0,0,0,0,0,1,0,0,0,0,0,0,0,0,0,0,0,0,0,0,0,0,0,0,0,0,0,0,0,
http://www.bestbuy.com/site/mobile-cell-phones/iphone/pcmcat305200050000.c?id=pcmcat305200050000 , 0,0,0,0,0,0,0,0,0,0,0,0,1,0,0,0,0,0,0,0,0,0,0,0,0,0,0,0,0,0,0,0,0,0,0,0,
http://www.bestbuy.com/site/mobile-cell-phones/iphone/pcmcat305200050000.c?id=pcmcat305200050000 , 0,0,0,0,0,0,0,0,0,0,0,0,1,0,0,0,0,0,0,0,0,0,0,0,0,0,0,0,0,0,0,0,0,0,0,0,
